Gene name	Kinase group	Kinase Family	Upstream kinase	Phosphosite	phosphosite window	+/- 1.5 Fold change	Nuc_rep2_phospho	Nuc_rep3_phospho	Total_rep2_phospho	Total_rep3_phospho
ABCF1	Other	CK2	CK2A1	S109	KKLsVPtsDEEDEVP		-0.7791995	NaN	-0.8811088	-0.5234628
ABI1	CMGC	MAPK	ERK1;ERK2	S183	PPTQKPPsPPMSGRG;PPtQKPPsPPMsGRG		-0.8250568	-0.5430467	-0.6431801	-0.6304162
ADD1	CAMK	CAMKL	Chk1;PKCA;PKACA;PKCZ	S726	KKKFRtPsFLKKsKK;KKKFRtPsFLKKNKK		0.5264695	0.668573	-0.1611047	-0.01966759
AKIRIN2	CMGC	CDK	CDK2	S21	DPLLsPAsPKRRRCA		NaN	NaN	-0.9366352	-1.375646
AKT1S1	AGC	PDK1	mTOR	S183	PTQQYAKsLPVSVPV		-0.3064305	-0.2288919	-0.5017083	-0.5233799
ANAPC1	CMGC	CDK	CDK1;PLK1	S355	AALsRAHsPALGVHs		NaN	NaN	1.145482	0.5397295
BAD	TKL	RAF	RAF1;PKCT;PKACA;PKCI;PKD1;ARAF;Pim3;p90RSK;PKCE;PAK1;BRAF;RSK2	S75	EIRsRHssyPAGtED		-0.6174988	-0.9530481	-0.8705454	-0.6853614
BAZ2A	CMGC	CDK	CDK2	S479	AAAFPtAsPANKDVS		-1.657582	-0.8402675	NaN	NaN
BOD1L1	CMGC	CDK	CDK2	S2905	GIVtVEQsPsssKLK		0.5756995	2.076183	NaN	NaN
C2orf49	CMGC	CDK	CDK2	S193	PVKsPPLsPVGttPV		-0.8741637	-0.7111571	-0.8523806	-0.5162023
CALD1	CMGC	CDK	CDK2	T469	ssPtAAGtPNkEtAG		NaN	NaN	0.8292813	0.7589
CARHSP1	CMGC	DYRK	DYRK2	S41	LRGNVVPsPLPtRRt		-0.6058591	-0.5773794	-0.4454799	-0.2759436
CASC5	Other	AUR	AurB	S60	KKNSRRVsFADTIKV		NaN	NaN	0.991608	0.7458827
CAV1	TK	Src	Src;Abl;Fyn	Y14	VDsEGHLytVPIREQ		0.402613	0.8010759	-0.9589534	-0.8245456
CCDC6	CAMK	CAMKL	Chk1;CDK2	S244	QPVsAPPsPRDIsME		NaN	NaN	-0.5215976	-0.7385053
CD44	CAMK	CAMK2	CAMK2A	S706/S325	LNGEAsksQEMVHLV		1.166008	1.028993	0.9347807	0.6053047
CD44	AGC	PKA	PKACA	S697/S316	AVEDRkPsGLNGEAs		1.166008	1.028993	0.9347807	0.6053047
CDCA5	CMGC	CDK	CDK1	S75	VEVPAVQsPRRsPRI		-0.963757	-1.28286	-0.08791736	0.1200864
CDK1	CMGC	CDK	CDK7;Cot	T161	GIPIRVytHEVVTLW		0.905582	0.7311832	0.09301919	0.3482324
CDK1	Other	WEE	Myt1	T14	VEkIGEGtyGVVykA;IEkIGEGtyGVVykG;VEkIGEGtyGVVyKA		0.9662828	0.5163178	-1.077498	0.1837088
CDK1	Other	WEE	Wee1;HER2;Src;Myt1	Y15	EkIGEGtyGVVykAR;EkIGEGtyGVVykGR;EkIGEGtyGVVyKAK		0.8842463	0.6317096	0.418028	0.45249
CHEK1	CMGC	CDK	CDK1;CDK2	S301	IQsNLDFsPVNsASs		0.8681336	NaN	0.6620231	1.050815
CIC 	CMGC	MAPK	ERK1;ERK2	S1409	sAPEDPtsPKRKMRR		0.6317096	0.7173858	0.2781037	0.5700742
CNP	AGC	PKC	probably PKC	S9	NRGFsRKsHtFLPkI		NaN	NaN	-1.311471	-0.548839
CTNNB1	AGC	PKA	PKACA;Akt2;Akt1	S552	QDtQRRtsMGGtQQQ		0.7257848	0.5868848	0.1938348	0.1566554
CTTN	CMGC	MAPK	ERK1;CDK1;CDK2;ERK2;PAK1	S405	KtQtPPVsPAPQPtE;KTQtPPVsPAPQPTE		0.006477609	0.491494	-0.624221	-0.5750134
CTTN	CMGC	MAPK	ERK1;ERK2;PAK1	S418	tEERLPssPVyEDAA;TEERLPssPVyEDAA		0.5236623	0.7934381	-0.2478166	-0.118539
CTTNBP2NL	CMGC	CDK	CDK2	S563	ssPLsPLsPGIKsPt		NaN	NaN	-0.8511309	-0.707124
CUEDC2	CMGC	CDK	CDK1	S110	VQGQVPIsPEPLQRP		NaN	NaN	-0.8030404	-0.545403
DCK	CK1	CK1	CK1D	S74	EFEELtMsQKNGGNV		NaN	NaN	-0.7449949	-0.7492809
DCP1A	CMGC	MAPK	ERK1;ERK2	S319	IPLsPVLsPtLPAEA		-0.7491112	-0.6540587	-1.485964	-1.438503
DCP1A	CMGC	MAPK	ERK1;ERK2;JNK	S315	PTyTIPLsPVLsPtL		NaN	-1.293571	-1.197699	-1.796962
DNM2	CMGC	CDK	CDK1;CDK2	S760	LQsAsSHsPtPQRRP		NaN	-0.3569196	-0.6839237	-0.6278725
DSN1	Other	AUR	AurB	S109	KETNRRKsLHPIHQG		0.6370073	0.8459115	0.75745	0.7441611
DSTN	TKL	LISK	LIMK2;LIMK1;TESK1	S3	_____MAsGVQVADE		-0.5609195	-0.3706761	-0.8794887	-0.7360522
EGFR	TK	EGFR	EGFR	Y1172	IsLDNPDyQQDFFPk		-0.7357398	-0.6113806	-1.449966	-1.220715
EGFR	CMGC	MAPK	ERK1;P38A;ERK2	T693	RELVEPLtPsGEAPN		-0.7679041	-0.5206453	-0.7241824	-0.5109915
EIF4EBP1	CMGC	CDK	CDK1;ERK2;mTOR;Cot	T70	RNsPVtktPPRDLPT		NaN	NaN	-0.8224521	-0.6537863
EIF4ENIF1	CMGC	MAPK	JNK1	S587	yLRPRIPsPIGFtPG		0.1164979	NaN	-0.524334	-0.5603663
EPHA2	TK	Eph	EphA2	Y588	QLkPLktyVDPHtyE		NaN	NaN	-0.7402394	-0.7981403
ERF	CMGC	MAPK	ERK2	T526	GEAGGPLtPRRVssD		NaN	NaN	-2.182197	-1.859457
ETS1	CAMK	CAMK2	CAMK2A	S282	NSLQRVPsyDsFDsE		-1.730871	-2.769551	-1.076706	-1.605639
ETV6	CMGC	MAPK	P38A	S22	IsytPPEsPVPsyAs		-0.8720235	-0.598435	-0.9475006	-0.9762478
FLNC	AGC	Akt	Akt2;Akt1	S2200	LGRERLGsFGsItRQ		1.317304	1.434348	1.206081	0.8640177
FOSL1	CMGC	MAPK	ERK1;ERK2	S265	PSSDPLGsPTLLAL_		-1.739372	-1.548944	-0.687939	-1.069846
GORASP2	CMGC	MAPK	ERK1;ERK2	T154	LPGQMAGtPItPLKD		NaN	-0.4436344	-1.083416	-0.5185771
GPSM2	AGC	PKC	PKCA	S408	PKLGRRHsMENMELM		0.7567672	0.7565109	0.6461627	0.8058703
HCA90	CMGC	CDK	CDK2	T72	NLQQAIVtPLkPVDN		1.512581	0.6933197	1.185613	0.6939441
HN1L	CMGC	CDK	CDK2	S97	kTSDIFGsPVTAtSR		0.6099441	0.5726957	0.7481177	0.7495772
IRS1	AGC	PKC	PKCT;p70S6K	S1101	GCRRRHssEtFSStP		NaN	NaN	-0.6598365	-1.162654
ITPR3	AGC	PKA	PKACA	S1832	TTkGRVAsFsIPGSs		1.51788	1.129283	0.3717261	0.3001823
ITPR3	AGC	PKA	PKACA	S934	MVLSRkQsVFsAPSL		1.240497	1.212632	0.006477609	0.04921259
ITPR3	AGC	PKA	PKACA	S916	GGKNVRRsIQGVGHM		1.53446	1.420617	0.3613192	0.3322782
JUN	Other	CK2	CK2A1;GSK3B	S243	PGEtPPLsPIDMEsQ		-0.7518295	-0.2590638	-0.9157997	-1.117349
JUNB	CMGC	GSK	GSK3B	S251	QTVPEARsRDAtPPV		-0.5061682	-0.624777	-0.5050622	-0.617698
JUNB	CMGC	GSK	GSK3B	T255	EARsRDAtPPVsPIN		-0.8035188	-0.8268214	-0.6989041	-0.7725546
KRT18	CAMK	MAPKAPK	MAPKAPK2;P70S6KB;PKCE;CAMK1A	S53	IsVsrsTsFrGGMGs		0.6857159	1.05332	-0.1572223	NaN
LARP1	CMGC	CDK	CDK2;mTOR	S774	LPttVPEsPNyRNtR		-0.177229	-0.3914557	-0.5077673	-0.5151916
LATS1	CAMK	CAMKL	NuaK2;NuaK1	S464	NIPVRSNsFNNPLGN		0.6125885	0.7133439	0.09437123	0.3901174
LMNB2	CMGC	CDK	CDK1	S393	ERLkLsPsPssRVtV		0.4544918	0.6263924	0.9157886	0.6231177
MAPK1	TK	JakA	JAK2;MEK1;Ret	Y187	HtGFLtEyVAtRWyR		-3.017884	-2.867963	-3.770102	-4.213624
MAPK1	STE	STE7	MEK1	T185	HDHtGFLtEyVAtRW		-3.656681	-3.076311	NaN	NaN
MAPK14	STE	STE11	MEKK6;MKK4;ASK1;MKK6;MKK3;Ret	Y182	TDDEMTGyVATRWYR;tDDEMtGyVAtRWYR		NaN	NaN	0.6778014	0.5278711
MAPK3	CMGC	MAPK	ERK1;JAK2;Lck;MEK1;MEK2;Ret	Y204	HtGFLtEyVAtRWyR		-2.695723	-0.9935799	-2.520025	-1.336355
MAPK3	STE	STE7	MEK1;MEK2	T202	HDHtGFLtEyVAtRW		-2.695723	-0.9935799	NaN	NaN
MARCKS	CMGC	CDK	CDK2	S118	GEAAEPGsPtAAEGE		-0.8456243	NaN	-0.9749995	-0.8834755
MARCKS	AGC	PKC	PKCA	S167	FKKsFkLsGFsFkKN		NaN	1.37829	0.91219	0.8653646
MARCKS	AGC	PKC	PKCA	S170	sFkLsGFsFkKNKkE		NaN	1.77762	1.55768	1.04705
MARCKS	AGC	PKC	PKCA	S163	KRFsFKKsFkLsGFs		NaN	0.9790009	0.8762517	0.7296181
MEF2A	CMGC	MAPK	P38A;CDK5	S408	SIkSEPIsPPRDRMT		-0.8474661	NaN	-0.6276495	-0.971148
MFN2	CMGC	MAPK	JNK2 iso2	S27	HMAEVNAsPLKHFVT		NaN	NaN	1.445356	1.068396
MICALL1	CMGC	CDK	CDK2	S621	VPSPGsssPQLQVKS		-0.2388169	-0.5141199	-1.233244	-0.8246478
MICALL1	CMGC	CDK	CDK2	S470	WyGItPtssPKTKKR		-0.3719263	-0.1474098	-0.9419746	-0.5432989
MKI67IP	CMGC	CDK	CDK1	T238	QGPtPVCtPtFLERR		-0.2388169	-0.5141199	-1.233244	-0.8246478
MKI67IP	CMGC	GSK	GSK3B;GSK3A	T234	tVDsQGPtPVCtPtF		-0.3719263	-0.1474098	-0.9419746	-0.5432989
MPZL1	TK	Src	Src	Y262	NksEsVVyADIRKN_		0.9234154	0.5705601	0.1317212	-0.00502936
MPZL1	TK	Src	Src	Y240	sHQGPVIyAQLDHsG		0.6560844	0.6206803	0.1050075	0.0426443
MYH10	Other	CK2	CK2A1	S1952	QLHLEGAsLELsDDD		1.193835	0.6389542	0.8953027	0.7965147
MYH10	Other	CK2	CK2A1	S1956	EGAsLELsDDDtESK		1.193835	0.6389542	0.8953027	0.7965147
NBN	Atypical	PIKK	ATR;ATM	S343	TtPGPsLsQGVsVDE		0.9590282	0.4115348	1.392922	0.6594679
NCAPG	CMGC	CDK	CDK1	T931	KNKEVyMtPLRGVKA		0.7366482	1.208767	0.4288928	NaN
NDRG1	AGC	PKA	PKACA;SGK1	S330	LMRsRtAsGssVtsL		NaN	NaN	0.9556103	0.6959938
NDRG1	AGC	SGK	SGK1	T328	TRLMRsRtAsGssVt		NaN	NaN	0.9556103	0.6959938
NFKB1	CMGC	GSK	GSK3B	S907	QAHsLPLsPAstRQQ		-0.6691433	-1.684179	-0.4013299	-0.2208159
NUMA1	CMGC	CDK	CDK1;AurB	T2055	MAFsILNtPkKLGNs		NaN	NaN	1.416029	0.6580058
NUP107	CMGC	CDK	CDK2	S11	sGFGEIssPVIREAE		0.9162473	0.5623767	1.010708	0.6413611
NUP107	CMGC	CDK	CDK2	S10	RsGFGEIssPVIREA		0.6943899	0.7934381	NaN	NaN
NUP153	CMGC	MAPK	ERK1;ERK2	S320	QSLEkMSsPLADAKR		-0.1669723	NaN	0.5273707	0.5652072
NUP98	CMGC	CDK	CDK1	S606	RDsENLAsPsEyPEN;RDSENLAsPSEYPEN		-0.8340045	-0.51274	NaN	NaN
NUP98	CMGC	CDK	CDK2;CDK1	S595	LNNsNLFsPVNRDsE;LNNsNLFsPVNRDSE		-0.9257138	-0.5598557	NaN	0.4986593
NUP98	Other	NEK	NEK6	S822	TSRCLIKsPDRLADI		0.4790236	0.5581696	0.771294	0.5176284
ORC1	CMGC	CDK	CDK2	S273	VAFsEITsPsKRSQP		0.7888528	0.6505808	0.6552603	0.514602
PAICS	CMGC	CDK	CDK1;CDK2	S27	EVyELLDsPGkVLLQ		0.6919807	3.070836	0.7644311	0.3642362
PAK6	CMGC	MAPK	p38 MAP; MKK6	S560	KDVPKRKsLVGtPyW		0.5246655	0.5043661	-0.4474262	-0.3007683
PARD3	CAMK	CAMKL	MARK2	S873	VDDQKAGsPSRDVGP;VDDQKAGsPsRDVGP		0.6173926	0.6496614	-0.5234006	NaN
PARN	CAMK	MAPKAPK	MAPKAPK2	S557	NHyYRNNsFTAPSTV		2.850019	1.250052	1.432799	3.138323
PGAM1	STE	STE20	PAK1	S118	QVkIWRRsyDVPPPP		-0.7573792	-0.5201693	-0.7611887	-0.6288984
PIK3C2A	CMGC	CDK	CDK1	S259	kVSNLQVsPkSEDIS		-0.3952075	-0.4257725	-0.9253302	-0.6252666
PKM	CMGC	MAPK	ERK1;ERK2	S37	MCRLDIDsPPItARN		-1.02947	-1.030059	-0.2372005	-0.1938987
PML	CMGC	MAPK	ERK5	T409	AsPEAAstPRDPIDV;ASPEAAStPRDPIDV		-0.50179	-0.6476708	-0.4768596	-0.3080728
PML	CMGC	MAPK	ERK5	S403	AAVskkAsPEAAstP		-0.4681719	-0.5643927	-0.6450515	-0.9716288
PML	CMGC	DYRK	HIPK2;ERK1;ERK2	S36	PSEGRQPsPsPsPTE		-0.4698293	-0.6278057	-0.590267	-0.8306907
POLD3	AGC	PKA	PKACA	S352	GkANRQVsITGFFQR		NaN	NaN	0.8083438	0.6590112
PPP1R35	AGC	PKC	PKCH;PKD2;PKCE;PKCA	S52	sLsPRPDsPQPRHGS		-0.8545964	NaN	-0.6909403	-0.5997025
PTK2	CMGC	CDK	CDK5	S864	KLQPQEIsPPPtANL		5.312084	NaN	2.239154	1.898944
PTPN12	CMGC	MAPK	ERK1;ERK2	S571	KTVsLtPsPtTQVET		NaN	-0.9968296	-0.9043862	-1.055052
PTPN2	CMGC	CDK	CDK1;CDK2	S304	LSPAFDHsPNKIMTE;LsPAFDHsPNKIMtE		0.7032779	0.8797842	0.2526579	0.1528972
PXN	CMGC	MAPK	ERK1	S128	KQKsAEPsPTVMSTs;KQKsAEPsPtVMSts		1.048376	0.8014898	NaN	NaN
RACGAP1	Other	PLK	PLK1	S214	AVDQGNEsIVAKTTV		1.048376	0.8014898	NaN	NaN
RB1	CMGC	CDK	CDK4;CDK6	S788	PIPHIPRsPyKFPss		-0.6243544	-0.6376255	NaN	NaN
RPL12	CMGC	CDK	CDK2	S38	KIGPLGLsPkkVGDD		0.5275708	0.5507037	0.4042492	0.458802
RPS6KA1	CMGC	MAPK	MAPK	S363	TSRtPKDsPGIPPsA		-0.9986157	-0.7549181	-0.6983655	-0.5100667
RTN4	CAMK	MAPKAPK	MAPKAPK2	S107	VAPERQPsWDPsPVs;VAPERQPsWDPSPVS		-1.634554	-0.9786909	-1.789511	-1.637065
RUNX1	CMGC	MAPK	ERK2;HIPK2;ERK1;CDK1;CDK2;CDK6	S249	DTRQIQPsPPWsyDQ;DTRQIQPsPPWSYDQ		-0.6681343	-0.8956366	NaN	NaN
RUNX1	CMGC	DYRK	HIPK2;ERK1;CDK1;CDK2;ERK2;CDK6	S276	VHPAtPIsPGRASGM		-0.6500686	-0.8956366	NaN	NaN
SEPT2	Other	CK2	CK2A1	S218	yHLPDAEsDEDEDFK		0.5264695	0.668573	-0.1611047	-0.01966759
SF1	Other	Other-Unique	KIS	S80	PPNPEDRsPsPEPIy		-0.511156	-0.5827929	-0.7640279	-0.703854
SF1	Other	Other-Unique	KIS	S82	NPEDRsPsPEPIyNs		-0.511156	-0.5827929	-0.7640279	-0.703854
SF3B1	CMGC	CDK	CDK2	T267	HtPAGAAtPGRGDtP		-0.677795	0.006764703	-0.5022803	-0.536001
SF3B1	CMGC	CDK	CDK2	T313	HGsGWAEtPRtDRGG		-0.8657001	-0.5708501	0.8275752	-0.4165579
SF3B1	CMGC	CDK	CDK2	T426	AGyVPIRtPARKLtA		-0.6350242	-0.5099639	NaN	NaN
SF3B1	CMGC	DYRK	DYRK1A	T273	AtPGRGDtPGHAtPG		-0.925988	-0.6505895	-0.5750995	-0.6244656
SH3RF1	AGC	Akt	Akt2;Akt1	S304	KNTKKRHsFtsLtMA		0.6539772	NaN	0.622743	0.5669612
SHCBP1	Other	AUR	AurB	S634	QIKKKRLsELGITQA		NaN	NaN	0.9150236	0.6519587
SKP2	CMGC	CDK	CDK2;Pim1	S64	SNLGHPEsPPRkRLk		0.4405271	0.04194384	0.6951029	0.9231872
SLC9A1	CMGC	MAPK	ERK2	S693	VPAHKLDsPtMsRAR		0.7438166	0.9905192	NaN	NaN
SLC9A3R1	CMGC	CDK	CDK2	S290	PALVRsAssDtsEEL		-1.000173	NaN	-0.8359862	-0.976333
SNW1	CMGC	CDK	CDK2	S224	KIPRGPPsPPAPVMH		-0.6521302	-0.6783258	-0.7819256	-0.7680023
SNW1	CMGC	CDK	CDK2	S232	PPAPVMHsPsRKMTV		-0.6392649	-0.6778642	-0.7979397	-0.7680023
SQSTM1	CMGC	MAPK	ERK2	S366	PEsEGPssLDPsQEG		NaN	-0.7528259	-0.5141405	-2.333371
SRRM1	CMGC	CDK	CDK2	S778	KKPPAPPsPVQsQsP		-0.639557	-1.120451	-1.062867	-1.018235
STAT1	AGC	PKC	PKCD;CK2A1;ERK1;P38A;CAMK2G	S727	TDNLLPMsPEEFDEV		-0.5510991	-0.677218	-0.4143068	-0.4705088
STIM1	CMGC	MAPK	ERK1;ERK2	S575	LVEKLPDsPALAKKA		-3.623194	NaN	-2.205563	-1.870651
STMN1	CMGC	MAPK	ERK1;CDK1;CDK2;P38D;PKCB	S25	QAFELILsPRskEsV		-1.544687	-1.042665	-1.20563	-0.9137325
SUDS3	CMGC	CDK	CDK2	S234	KsPKRPAsPssPEHL		-0.6015621	-0.7438589	-0.7424824	-0.8187065
SUDS3	CMGC	CDK	CDK2	S237	KRPAsPssPEHLPAt		-0.6297464	-0.6651343	NaN	-0.683831
TBC1D1	CAMK	CAMKL	AMPKA1	S237	RPMRKSFsQPGLRSL		-2.035402	-0.5318024	0.05699965	-0.1568684
TBK1	Other	IKK	TBK1	S172	EDDEQFVsLyGTEEy		-0.9224288	-1.240554	-1.11785	-1.392024
TFAP2A	AGC	PKA	PKACA	S233	AEVQRRLsPPECLNA;GEVQRRLsPPECLNA		-0.6085622	-0.6085402	NaN	NaN
TFPT	CMGC	CDK	CDK1	S171	PAPPEPGsPAPGEGP		-0.727284	-0.9277158	-0.7372542	-0.7881405
TOP1	Other	CK2	CK2A1	S10	GDHLHNDsQIEADFR		0.6250834	0.4788165	0.5449799	0.5160151
TOP2A	Other	CK2	CK2A1	S1377	KPQKsVVsDLEADDV		0.8556708	0.7723924	0.9009538	0.7761882
TP53BP1	Atypical	PIKK	ATM	S1219	DDtEsLHsQGEEEFD		-0.545045	-0.6399617	-0.5948136	NaN
TSC2	CMGC	CDK	CDK2	S1341	IPIERVVsSEGGRPS;IPIERVVssEGGRPs		NaN	NaN	-0.5828145	-0.6891016
TTK	Other	TTK	TTK;BRAF	S435	VFSVSKQsPPISTSK		NaN	NaN	0.5951217	0.688046
UBE2O	CMGC	MAPK	ERK2	S836	VEQLLTGsPtsPtVE		NaN	NaN	-0.6500459	-0.5662073
VRK1	Other	PLK	PLK3	S342	DDGKLDLsVVENGGL		0.6704777	0.6270465	NaN	NaN
WASF2	CMGC	MAPK	ERK1;ERK2;p90RSK;Akt1;RSK2	S308	PPAPPLGsPPGPKPG		-0.9264539	NaN	-0.9070348	-0.8439142
YAP1	CMGC	CDK	CDK1	2S289	PPPLAPQsPQGGVMG		-0.7196612	-0.6918954	-0.5614303	-0.4275178
ZC3H11A	CMGC	CDK	CDK1;CDK2	T321	PETNIDKtPKKAQVS		0.9096579	0.6528765	0.5059925	0.1035311
